[
    {
        "imagen": "assets/Xuchumons/apleki.png",
        "nombre": "Apleki",
        "tipo": "Tierra"
    },
    {
        "imagen": "assets/Xuchumons/avecrem.png",
        "nombre": "Avecrem",
        "tipo": "Aire"
    },
    {
        "imagen": "assets/Xuchumons/bambino.png",
        "nombre": "Bambino",
        "tipo": "Tierra"
    },
    {
        "imagen": "assets/Xuchumons/beeboo.png",
        "nombre": "Beeboo",
        "tipo": "Aire"
    },
    {
        "imagen": "assets/Xuchumons/boo-hoot.png",
        "nombre": "Boo-hoot",
        "tipo": "Aire"
    },
    {
        "imagen": "assets/Xuchumons/cabrales.png",
        "nombre": "Cabrales",
        "tipo": "Tierra"
    },
    {
        "imagen": "assets/Xuchumons/catua.png",
        "nombre": "Catua",
        "tipo": "Aire"
    },
    {
        "imagen": "assets/Xuchumons/catyuska.png",
        "nombre": "Catyuska",
        "tipo": "Tierra"
    },
    {
        "imagen": "assets/Xuchumons/chapapa.png",
        "nombre": "Chapapa",
        "tipo": "Agua"
    },
    {
        "imagen": "assets/Xuchumons/chopper.png",
        "nombre": "Chopper",
        "tipo": "Tierra"
    },
    {
        "imagen": "assets/Xuchumons/cuellilargui.png",
        "nombre": "Cuellilargui",
        "tipo": "Tierra"
    },
    {
        "imagen": "assets/Xuchumons/deskangoo.png",
        "nombre": "Deskangoo",
        "tipo": "Tierra"
    },
    {
        "imagen": "assets/Xuchumons/doflamingo.png",
        "nombre": "Doflamingo",
        "tipo": "Aire"
    },
    {
        "imagen": "assets/Xuchumons/dolly.png",
        "nombre": "Dolly",
        "tipo": "Tierra"
    },
    {
        "imagen": "assets/Xuchumons/elconchudo.png",
        "nombre": "Elconchudo",
        "tipo": "Agua"
    },
    {
        "imagen": "assets/Xuchumons/eldientes.png",
        "nombre": "Eldientes",
        "tipo": "Agua"
    },
    {
        "imagen": "assets/Xuchumons/elgominas.png",
        "nombre": "Elgominas",
        "tipo": "Tierra"
    },
    {
        "imagen": "assets/Xuchumons/flipper.png",
        "nombre": "Flipper",
        "tipo": "Agua"
    },
    {
        "imagen": "assets/Xuchumons/floppi.png",
        "nombre": "Floppi",
        "tipo": "Tierra"
    },
    {
        "imagen": "assets/Xuchumons/horseluis.png",
        "nombre": "Horseluis",
        "tipo": "Agua"
    },
    {
        "imagen": "assets/Xuchumons/krokolisko.png",
        "nombre": "Krokolisko",
        "tipo": "Agua"
    },
    {
        "imagen": "assets/Xuchumons/kurama.png",
        "nombre": "Kurama",
        "tipo": "Tierra"
    },
    {
        "imagen": "assets/Xuchumons/ladybug.png",
        "nombre": "Ladybug",
        "tipo": "Aire"
    },
    {
        "imagen": "assets/Xuchumons/lengualargui.png",
        "nombre": "Lenualargui",
        "tipo": "Tierra"
    },
    {
        "imagen": "assets/Xuchumons/medusation.png",
        "nombre": "Medusation",
        "tipo": "Agua"
    },
    {
        "imagen": "assets/Xuchumons/meekmeek.png",
        "nombre": "Meekmeek",
        "tipo": "Tierra"
    },
    {
        "imagen": "assets/Xuchumons/megalo.png",
        "nombre": "Megalo",
        "tipo": "Agua"
    },
    {
        "imagen": "assets/Xuchumons/mocha.png",
        "nombre": "Mocha",
        "tipo": "Agua"
    },
    {
        "imagen": "assets/Xuchumons/murcimurci.png",
        "nombre": "Murcimurci",
        "tipo": "Aire"
    },
    {
        "imagen": "assets/Xuchumons/nemo.png",
        "nombre": "Nemo",
        "tipo": "Agua"
    },
    {
        "imagen": "assets/Xuchumons/oinkcelot.png",
        "nombre": "Oinkcelot",
        "tipo": "Tierra"
    },
    {
        "imagen": "assets/Xuchumons/oreo.png",
        "nombre": "Oreo",
        "tipo": "Tierra"
    },
    {
        "imagen": "assets/Xuchumons/otto.png",
        "nombre": "Otto",
        "tipo": "Tierra"
    },
    {
        "imagen": "assets/Xuchumons/pinchimott.png",
        "nombre": "Pinchimott",
        "tipo": "Agua"
    },
    {
        "imagen": "assets/Xuchumons/pollis.png",
        "nombre": "Pollis",
        "tipo": "Aire"
    },
    {
        "imagen": "assets/Xuchumons/poson.png",
        "nombre": "Posón",
        "tipo": "Aire"
    },
    {
        "imagen": "assets/Xuchumons/quakko.png",
        "nombre": "Quakko",
        "tipo": "Agua"
    },
    {
        "imagen": "assets/Xuchumons/rajoy.png",
        "nombre": "Rajoy",
        "tipo": "Aire"
    },
    {
        "imagen": "assets/Xuchumons/rawlion.png",
        "nombre": "Rawlion",
        "tipo": "Tierra"
    },
    {
        "imagen": "assets/Xuchumons/rexxo.png",
        "nombre": "Rexxo",
        "tipo": "Tierra"
    },
    {
        "imagen": "assets/Xuchumons/ron.png",
        "nombre": "Ron",
        "tipo": "Tierra"
    },
    {
        "imagen": "assets/Xuchumons/sesssi.png",
        "nombre": "Sesssi",
        "tipo": "Tierra"
    },
    {
        "imagen": "assets/Xuchumons/shelly.png",
        "nombre": "Shelly",
        "tipo": "Agua"
    },
    {
        "imagen": "assets/Xuchumons/sirucco.png",
        "nombre": "Sirucco",
        "tipo": "Aire"
    },
    {
        "imagen": "assets/Xuchumons/torcas.png",
        "nombre": "Torcas",
        "tipo": "Agua"
    },
    {
        "imagen": "assets/Xuchumons/trompeta.png",
        "nombre": "Trompeta",
        "tipo": "Aire"
    },
    {
        "imagen": "assets/Xuchumons/trompi.png",
        "nombre": "Trompi",
        "tipo": "Tierra"
    },
    {
        "imagen": "assets/Xuchumons/tux.png",
        "nombre": "Tux",
        "tipo": "Agua"
    }
    

    
]
